{"best_mIoU": 0.6406295299530029, "best_F1": 0.7787979840907223, "epoch": 39}